<?xml version="1.0" encoding="UTF-8"?>
<project-private xmlns="http://www.netbeans.org/ns/project-private/1">
    <editor-bookmarks xmlns="http://www.netbeans.org/ns/editor-bookmarks/2" lastBookmarkId="0"/>
    <open-files xmlns="http://www.netbeans.org/ns/projectui-open-files/2">
        <group>
            <file>file:/C:/Users/cetecom/Documents/NetBeansProjects/WS1/web/transportes.sql</file>
            <file>file:/C:/Users/cetecom/Documents/NetBeansProjects/WS1/src/java/com/duoc/entidades/Conductores.java</file>
            <file>file:/C:/Users/cetecom/Documents/NetBeansProjects/WS1/web/index.html</file>
            <file>file:/C:/Users/cetecom/Documents/NetBeansProjects/WS1/src/java/com/duoc/entidades/AbstractFacade.java</file>
            <file>file:/C:/Users/cetecom/Documents/NetBeansProjects/WS1/src/java/com/duoc/wstransporte/NewWebService.java</file>
        </group>
    </open-files>
</project-private>
